Ailsby, Ailsbie see Aylsby
Aire see Ayre
Akred see Acred
Allan see Allen
Allanly see Allenby
Allanson see Allinson
Allin see Allen
Allom see Allan 
Allan see Allen 
Alsops see Allsopp
Ansell, Ansill see Ancell
Askew see Ascough
Auford see Alford
Awbin see Aubin 
Ayscough see Ascough
Bachellor see Batchelor
Bait see Bate
Baley see Bailey
Balldock see Baldock
 Bancks see Banks
Bannister see Banister
Bartell see Bartle
Bauin see Bavin
Bauinton see Bavington
Baulderstone see Balderstone
Bau11 see Ball
Bayley, BaylK see Bailey 
Baynes see Baines 
Baynton see Bainton 
Bazlington see Baslington
Beacham see Beecham 
Beel see Beale
Bellemy see Bellamy
Bellemie see Bellamy
Bernard see Barnard
Berrisford see Beresford
Bloomfield see Blomfield
Boocock see Bocock
 Borman see Burman
 Borrit see Burritt
Borton see Burton 
Bouthby see Boothby
Bowcodk see Bocock
Braday see Brady
Brinckley_ see Brinkley
Brombv see Brumby
Brommit see Brommit
Brompton see Brumpton
Buffam see Bougham
Burch see Birch
Burit see Burritt
Burkes see Birks
Burkitt see Birkett
Burks see Birks
Calbert see Calvert
 Cely see Seely
Cheavin see Chevin
Chefinch see Chevin
Clerk see Clarke
Cluff see Clough
Colby see Coleby
Colson see Coulson 
Colton see Coulton 
Coney see Cony
Coolson see Coulson
 Cortis see Curtis
Cosens see Cousins
Cosin see Cousin
Coston see Couston
Coulbeck see Colebeck
Coulby see Coleby
Coullam see Cowlam
Coupland see Copeland
Covell see Covill
Cozen see Cousin
Cusin see Cousin
Cum see Cousin
Dauson see Dawson
Dawber see Dauber
Dawbney see Daubney
Dayles see Dales
Deer see Deare
Denne see Dean 
Dickson see Dixon
Douse see Dowse
Draycott see Dracott
Drewery see Drury
Edis see Edas
Eley see Ely 
Elie see Ely 
Ellanor see Ellinor
Ellen see Ellin
Elliatt see Elliot
Ellorby see Ellerby
Elsam see Elsom
Emmerson see Emerson
Eshton see Ashton
Farding see Farthing
Faulkner see Falkner
Fawvell see Favell
Fouler see Fowler
 Frier see Fryer
Ganack see Gannack
Garnen see Garnon
Garnit see Garnett
Gipson see Gibson
Goddall see Goodall
Goodhall see Goodall
Goodie see Gooddy
Gordqe see George
Grise see Ube
Haire see Hare
Hairby see Hareby
Halleday see Halliday
Hallewell see Halliwell
Hallyday see Halliday
Hallyfield see Hallifield
Haman see Hammond
Hamers see Hammers
Hamerton see Hammerton
Harrad see Harrod
Harryman see Harriman
Haston see Hasten
Haston see Hasten
 Haynes see Haines
Hichcock see Hitchcock
Hixon see Hickson
Hodson see Hodgson
 Holiday see Holliday
Holyday see Holliday
Homes see Holmes
Hoole see Howell
Hotchin see Hutchin
Houlden, Houldon see Holden 
Houlderness see Holderness 
Hoult see Holt
Howiton see Houlton
 Huitt, Huit see Hewitt
Hurd see Hird
Ingamells see Ingoldmells
Kermond see Kirmond
Kirchival see Kerchival 
Kirchiver see Kerchever 
Kolson see Coulson
Lacey see Lacy 
Lade see Lacy 
Lambson see Lamson
Lanckton see Langton 
Laurence see Lawrence
Lea see Lee
Leaman see Leeman
Leech see Leach
Leiveslev_see Lievesley
Leland see Lealand 
Leman see Leeman
 Levesley see Lievesley
Loe see Low
Lowder see Louder 
Loyd see Lloyd
Lyll see Lill
Lynam see Lineham
Lyndsey_see Lindsey
Lyne see Line
Maile see Mael
Makinder see Mackinder
 Man see Mann
Marcall see Markhall
Maukinson see Malkinson
Maultbv see Maltby 
Maydens see Maidens 
Maykins see Makins 
Mead see Meed
Meres see Mears
Michell, Michill see Mitchell
Michelson see Mitchelson
Momby see Mumby
Moreley see Morley
Morrice see Morris
Nailor see Naylor 
Nall see Naul
Nickolls see Nichols
Nixon see Nickson
Onion see Onyon
Owerton see Overton
Paine see Payne
Paly see Paley
Parrish see Parish
Pasey see Pam
Peachell see Petchell
Pearcifull see Percival
Persevell see Percival
Portis see Portas
Poulgrave see Polegrave
Poynter see Pointer
Preesman see Priestman
 Pregion see Pridgeon
 Preist see Priest
Preistley see Priestley
Rainner see Rayner
Raines see Raynes
Randson see Ranson
Readhead see Redhead
Rennols see Reynolds
Renold see Reynolds
Roades see Rhodes
Roads see Rhodes
Robarts see Roberts
Robin see Robbin
Robins see Robbins
Rodes see Rhodes
Rodgers see Rogers
Roe see Row
 Rowbotham see Robotham
Rowbottam see Robotham
Rycraft see Ricraft
Rydatt, Rydat, Rydett see Ridatt
Rylet see Rillet
Sall see Saul
Sanders see Saunders
Sanderson see Saunderson
Sandyfear see Sandifer
Sargant see Sergeant
Sargeant see Sergeant
Sargent see Sergeant
Scelton see Skelton
Sckooles see Schooles
Scofield see Schofield 
Scoles see Scholes 
Scoley see Scholey 
Scottrith see Scortreth
Scoufin see Scoffin
Sealand see Zealand
Sealy see Seely
Seamore see Seymour
Seeles see Seales
Seels see Seales
Shirriff see Sherriff
Sipsey see Sibsey
Skirritt see Skerrit
Skrimshire see Scrimshire
Skynner see Skinner
Smethy see Smithey
Snath see Snaith
Snoden see Snowden
Soleby see Soulby 
Souden see Sowden
Stableton, Stabelton see Stapleton 
Standley see Stanley
Staynes see Staines
Steevens see Stevens
Stephens see Stevens
Stephenson see Stevenson
Stoakes see Stokes
Stoovin see Stovin
Store see Storr
Storey see Story
Summerscales see Somerscales
Sycer see Siser
Sykes see Sikes
Sylvester see Silvester
Taury see Tory
Taulks see Talks
Tawlks see Talks
Taytam see Tatam
Teasdale see Teesdale
Thorey see Thory
Toine see Toyne
 Tomisman see Thomisman
Tommas see Thomas
Tunstall see Tunstall
Torry see Tory
Touley see Tooley
Trew see True
Trewman see Truman
Turry see Tory
Waldegrave see Walgrave
Walles see Walls 
Wamsley see Walmsley
Wate see Waite
Wattson see Watson
Wayet see Waite
Wealch see Welch
Weatherall see Wetherall
Weever see Weaver
Weldaile see Wheldale
Weldale see Wheldale
Welldale see Wheldale
Welldon see Weldon
Westoby see Westerby
Westorn see Western
Whiteacre see Whitaker
Whiteing see Whiting
Whitlam see Whitelamb
Whitley see Whiteley
Willas see Willows
Willcock see Wilcock
Willoby see Willoughby
Witton see Whitton
Woodall see Woodhall
Wooley see Wolley
Woolmer see Wolmer
Worrington see Warrington
Wraby see Raby
Wyan see Wian
Wyld see Wild
Wymberley see Wimberley
Wynn see Winn
Ailsby see Aylesby
Aistrope see Astrop
Akrill, Akrel see Acrill
Allcock see Alcock
A1lin see Allen
Allmand see Almond
Anchient see Ancient
Ansell see Ancell
Askew see Ascough
Atchinson see Atkinson
Baley see Bailey
Barns see Barnes 
Basslington see Baslington
Battey see Batty
Bayley see Bailey
Beckadike see Biggadike
Benet see Bennett
Bimrose see Bemrose
 Blakewell see Blackwell
Blanshard see Blanchard
Blumfield see Blomfield
Bonsor see Bonser
Bottomley see Bothamley
Boulton see Bolton
Bowcer see Bowser
Bowcock see Bocock
Boys see Boyes
Braughton see Broughton
Brian see Bryan
Brothell see Brothwell
Brumley see Bromley 
Brumhead see Bromhead 
Brufton see Broughton 
Bruster see Brewster 
Buffam see Bougham
Burjas see Burgess
Burkett see Birkett
Burkitt see Birkett
Burks see Birks
Capp, Cappe see Cap
Caswell see Casswell
Cattlet see Catlett
Cheavin see Chevin
Colby see Coleby
Copeland see Coupland
Cusin see Cousin 
Dawber see Dauber
 Doulman see Dowlman
 Douse see Dowse
Craycott see Cracott
Drewry see Drury
Ellsey see Elsey
Ellwood see Elwood
Elsam see Elsom
Emmerson see Emerson
Emmery see Emery
 Everatt see Everitt 
 Everett see Everitt
Faughn see Fawn
Faulkner see Falkner
Faun see Fawn
Fawsett see Fawcett
 Ffenby see Fenby
Frear see Freer
Frier see Fryer
Fullforth see Fulforth
Futitt see Footitt
Glazier see Glasier
Greives see Greaves
 Grey see Gray
Halladay see Halliday
Hallgarth see Halgarth
Halloday see Halliday
Harpam see Harpham 
Hasellwood see Hazlewood
Haucksworth see Hawksworth
Hays see Hayes
Hix see Hicks
Hixon see Hickson
 Houlden see Holden
 Houlderness see Holderness
Howlton see Houlton 
Kurd see Hird
Ingamells see Ingoldmells
Inglish see English
Jefferay see Jeffrey
Kellam see Kelham
Kerman see Kirmond
Kermond see Kirmond
Kerton see Kirton
Kyme see Kime
 Laine see Lane
Letherland see Leatherland
Lowery see Lowry
Lyne see Line
Mackerill see Mackrill
Mager see Major
Makender see Mackinder
Man see Mann
Mapplethorpe see Maplethorp
 Marratt see Marriott
Mase see Mace
Maulkinson see Kalkinson
Maultby see Maltby
Michelson see Mitchelson
Michinson see Mitchinson
Millhouse see Milhouse
Millns see Milns
Milison see Milson
 More see Moor
Munk see Monk
Nailer see Naylor 
Neve see Neave
Nickolson see Nicholson
 Ottler see Ctler
Pain see Payne
Parcyvele see Percival
Parkharnis see Packharnis
Parrinder see Parinder
Parrish see Parish
 Peele see Peal
Poortas see Portas
Poynter see Pointer
Poynton see Pointon
Raines see Raynes
Raisin see Rason
 Reason see Reeson
Roads see Rhodes 
Roades see Rhodes 
Robins see Robbins
Rodgers see Rogers
Rodgerson see Rogerson
Roe see Row
Roebuck see Rawbuck
Roobotham see Robctham
Rouston see Rowston
Rowbottom see Robotham
Rubbins see Rubens
Rylot see Rilott
Sargant see Sergeant
Sargeant see Sergeant
Savidge see Savage
Schaman see Scaman
Scofield see Schofield
Scholey see Scholey
Seeles see Seales
Simmonds see Simons
Sleeford see Sleaford
Smyth see Smith
Snodin see Snowden
Spikin see Spicking
Standrcyd see Stanroyd
Staneland see Staniland
Stanes see Staines
Stennitt see Stennett
Stephens see Stevens
Stephenson see Stevenson
Storey see Story
Sylverwood see Silverwood
Symons see Simons
Symonds see Simons
Sympson see Simpson
Symson see Simpson
Teenby see Teanby
Tison see Tyson
Toin see Toyne
Trewman see Truman
Warrick see Warwick
Watters see Waters
Waumsley see Walmsley
Wayet see Waite
Weatherall see Wetherall
Weever see Weaver
Westaby see Westerby
Westoby seleWesterby
Whiteker see Whitaker
Whiticar see Whitaker
Whittaker see Whitaker
Wilerton see Willerton
Willcocks see Wilcox
Willford see Wilford
Willie see Willey
Willmore see Wilmore
Willson see Wilson
Witton see Whitton
Woodall see Woodhall
Wooddall see Woodhall
